,(be)schütte ,protéger,to protect,(be)schützen
den,a'genten ,agent,agent,Agent
,Aas ,Ase,Áss (sg. of Æsir),Ase
den,adel ,noblesse,"nobility, aristocracy",Adel
,adopt'eere ,adopter,to adopt,adoptieren
,af ,de ; par,of; by,von
,afhange/heng/hangen fram ,dépendre de,to depend on,abhängen von
,Afrika ,Afrique,Africa,Afrika
,after ,après,after,nach (zeitl.)
den,aftermiddag ,après-midi,afternoon,Nachmittag
,aht ,huit,eight,acht
,akcept'eere ,accepter,to accept,akzeptieren
den,aker ,champ cultivé,field (farmland),Acker
den,akt ,"acte (document, partie) ; modèle nu",act (part); document; nude model,Akt (Teil); Akte; Aktmodell
den,aktivit'eit ,activité,activity,"Aktivität, Tätigkeit"
,aktu'ell ,actuel,"current, up-to-date",aktuell
,al'rede ,déjà,already,"schon, bereits"
,Alarik ,Alaric,Alaric,Alarich
,ald ,vieux,old,alt
den,alderdom ,Antiquité (période),"antiquity, ancient times (period)","Altertum, Antike"
,Alg'erjen ,Algérie,Algeria,Algerien
,all ,tout,all,alle
,all'ein ,"seul, seulement","only, lone, alone","allein, nur"
,all'men ,général,general,allgemein
,Allam'annen ,Alaman,Alemannian (noun),Alemanne
,alltyd ,toujours,always,"immer, stets"
,als ,comme (comparaison ; moment),as (comparison); as (temporal),wie (Vergleich); als (zeitl.)
den,amme ,nourrice,"(wet) nurse, nanny",Amme
dat,amt ,"fonction, office, département","office, department, duty",Amt
,amteere ,être en fonctions,to be in office,amtieren
den,and ,canard,duck,Ente
,and'fo/feng/fongen ,"obtenir, recevoir","to get, to obtain, to receive","erhalten, empfangen"
,ander ,autre (au commun singulier avec désinence: anden),other (common singular with ending: anden),anderer (Utrum Singular mit Endung: anden)
,ändre ,changer (vtr.),to change (vtr.),ändern
den,anem'one ,anémone,anemone,Anemone
den,Anglen ,Angle,Angle,Angel (vom Volk der Angeln)
den,angst ,peur,fear,Angst
,anklage ,accuser,to accuse,anklagen
,ankomme/kam/kommen ,arriver,to arrive,ankommen
den,annula'sjonen ,annulation,annulment,Annullation
,ansie/so/sien ,regarder,"to look at, to behold",ansehen
dat,answar,réponse,answer,Antwort
,antake/tok/taken ,"admettre, supposer","to accept; to assume, to suppose",annehmen; vermuten
den,appel ,pomme,apple,Apfel
den,april ,avril,April,April
den,arbeid ,"travail, labeur","work, labor",Arbeit
,arbeide ,travailler,to work,arbeiten
,arlig ,tôt,early,früh
den,arm ,bras,arm (body part),Arm
den,arm'ud ,pauvreté,poverty,Armut
den,art ,"sorte, espèce, manière","sort, kind, manner",Art
den,art'ikel ,article,article,Artikel
den,asche ,cendre,ash(es),Asche
dat,asp'ekte ,aspect,aspect,Aspekt
dat,aug ,œil,eye,Auge
dat,augblick ,"moment, instant","moment, instant",Augenblick
den,august ,août,August,August
,aut ,hors de,outside of,außerhalb von
,autkiese/kos/kosen ,sélectionner,to select,auswählen
,autrote ,"éradiquer, exterminer","to eradicate, to exterminate",ausrotten
den,autwexling ,échange,exchange,Austausch
,autwickle ,développer,to develop,entwickeln
den,aven ,soir,evening,Abend
dat,aventür ,aventure,adventure,Abenteuer
den,ax ,hache,axe,Axt
,Azjen ,Asie,Asia,Asien
,bak ,"en arrière, de retour",back,zurück
,bake ,cuire au four,to bake,backen
den,bäker ,boulanger,baker,Bäcker
den,bank ,banque,bank,Bank
,bar ,dénudé,"bare, nude",nackt
den,bär ,ours,bear,Bär
dat,baris ,orge,barley,Gerste
den,bark ,écorce,bark (of tree),"Rinde, Borke"
dat,barn ,enfant,child,Kind
den,bas ,patron (chef),boss,Chef
,bäsig ,"occupé, affairé",busy,"beschäftigt, geschäftig"
,bäu ,construire,to build,bauen
den,bauk ,ventre,belly,Bauch
dat,bäute ,butin,prey,Beute
,be'däude ,signifier,"to mean, to signify",bedeuten
,be'durve ,"avoir besoin de (présent: be'darf, prétérit et participe passé: be'durft)","to need (present: be'darf, preterite and past participle: be'durft)","brauchen, benötigen (Präsens: be'darf, Präteritum und Partizip II: be'durft)"
,be'fele/be'fal/be'folen ,donner un ordre,"to command, to give an order",befehlen
,be'finde sy/fand/funden ,se trouver,to be located,sich befinden
,be'for ,avant que,before,bevor
,be'ginne/be'gann/be'gonnen ,commencer,to begin,"beginnen, anfangen"
,be'sete ,occuper,occupy,besetzen
,be'sto ,consister,to consist,bestehen (aus etw.)
,be'tale ,payer,to pay,bezahlen
,be'trahte ,contempler,to contemplate,betrachten
,be'waapne ,armer,to arm,bewaffnen
dat,be'wys ,preuve,"proof, evidence",Beweis
dat,bed ,lit,bed,Bett
,behöre tu ,appartenir à,to belong to,gehören zu
,bekennd ,"connu, célèbre","known, famous, familiar",bekannt
,Belgjen ,Belgique,Belgium,Belgien
dat,belt ,ceinture,belt,Gürtel
dat,ben ,jambe,leg,Bein
,bere/bar/boren ,porter (y compris vêtements),"to bear, to carry, to wear (clothes)",tragen
den,berg ,"mont, montagne",mountain,Berg
,beslute ,décider,decide,"beschließen, entscheiden"
,best ,le meilleur,best,beste
den,bestand ,"effectif, population","stock, population",Bestand
,bestemme ,déterminer,to determine,bestimmen
,better ,"meilleur, mieux",better,besser
den,bie ,abeille,bee,Biene
,biede/bod/boden ,"offrir, proposer","to offer, to provide","bieten, anbieten"
dat,bier ,bière,beer,Bier
dat,bild ,image,image,Bild
,binde/band/bunden,lier,to bind,binden
,bitter ,amer,bitter,bitter
dat,blad ,feuille,"leaf, sheet (of paper)",Blatt
,blase/bles/blasen ,souffler,to blow,blasen
,blau ,bleu,blue,blau
,blek ,pâle,pale,blass
,blind ,aveugle,blind,blind
den,blix ,éclair,"lightning, flash",Blitz
,blond ,blond,blond,blond
den,blud ,sang,blood,Blut
den,blum ,fleur,flower,Blume
dat,bly ,plomb,"lead, plumb",Blei
,blyve/bliv/bliven ,rester,"to stay, to remain",bleiben
den,bock ,bouc,buck,Bock (Tier)
,bode ,tous deux,both,beide
dat,bollwerk ,rempart,bulwark,Bollwerk
dat,boot ,bateau,boat,Boot
den,borste ,brosse,brush,Bürste
den,bou ,arc,"bow, arch",Bogen
,braun ,brun,brown,braun
,bred ,large,"broad, wide",breit
,brenne/brann/brunnen ,brûler,to burn,brennen
,bringe/braht/braht ,"amener, apporter",to bring,bringen
,Brit'annjen ,(Grande) Bretagne,(Great) Britain,(Groß-)Britannien
den,brod ,pain,bread,Brot
den,broder ,frère,brother,Bruder
den,brosch ,broche (vêtement),brooch,Brosche
den,brost ,poitrine,"chest, breast",Brust
den,brox ,pantalon,"pants, trousers",Hose
den,bru ,pont,bridge,Brücke
den,bruk ,usage,usage,Gebrauch
,bruke ,utiliser,to use,"gebrauchen, nutzen, verwenden"
den,brunn ,puits,"water well, fountain",Brunnen
,brut'al ,brutal,brutal,brutal
dat,büdsch'et ,budget,budget,Budget
dat,buk ,livre,book,Buch
den,bullen ,taureau,bull,"Bulle, Stier"
den,Burg'under ,Burgonde,Burgundian (noun),Burgunder
den,busch ,buisson,bush,Busch
den,butter ,beurre,butter,Butter
,bybeholde/held/holden ,"maintenir, entretenir",to maintain,beibehalten
,byte/bit/biten ,mordre,to bite,beißen
den,civilisa'sjonen ,civilisation,civilization,Zivilisation
den,daad ,"fait, action","deed, action","Tat, Handlung"
,daar ,là,there,"da, dort"
den,dag ,jour,day,Tag
dat,dak ,toit,roof,Dach
dat,dal ,vallée,valley,Tal
,dan ,que (comparatif),than (comparative),als (Vergleich)
den,Dane ,le Danois,Dane,Däne
,danke ,remercier,to thank,danken
,Danmark ,Danemark,Denmark,Dänemark
den,dans ,danse,dance,Tanz
,danse ,danser,to dance,tanzen
den,darm ,"intestin, boyau",intestine,Darm
,dat ,ça ; article défini neutre singulier ; que (relatif),"that (demonstrative); neuter singular definite article; that, which (relative)",das; bestimmter Artikel Neutrum Singular; das (relativ)
,däuch ,allemand,German (adj.),deutsch
den,däud ,la mort,death,Tod
,de [də] ,article défini pluriel,definite article plural,bestimmter Artikel Plural
den,de'cember ,décembre,December,Dezember
dat,deck ,pont de navire,deck (of ship),Deck
,decke ,couvrir,to cover,"decken, bedecken"
,defin’eere,définir,to define,definieren
,deiv ,sourd,deaf,taub
den,deivel ,diable,devil,Teufel
,deje ,mourir,to die,sterben
den,del ,partie,part,Teil
,delve/dolv/dolven ,excaver,to excavate,ausgraben
,dem ,"eux, les, elles",them,"sie, ihnen (Pl.)"
,den ,article défini et pronom personnel commun singulier,common singular definite article and personal pronoun,bestimmter Artikel und Personalpronomen Utrum Singular
,denke/daht/daht ,penser,to think,denken
,der ,leur(s) ; pronom relatif commun singulier nominatif,their; relative pronoun common singular nominative,ihr (poss. pl.); Relativpronomen Utrum Singular Nominativ
,dick ,épais,thick,dick
,die ,"eux, elles, ils",they,sie (pl.)
,diep ,profond,deep,tief
dat,dier ,animal,animal,Tier
,dis ,"ceci, base du démonstratif","this, base of the demonstrative","dies, Stamm des Demonstrativums"
,disdag ,aujourd'hui,today,heute
,disdäg ,de nos jours,these days,heutzutage
,djene ,servir,to serve,dienen
dat,dock ,dock,dock,Dock
,döde ,tuer,to kill,töten
,doh ,bien que (en début de subordonnée) ; pourtant (en fin de phrase),"although (start of subordinate clause); however, still (end of sentence)",obwohl (Nebensatz einleitend); dennoch (Satzende)
den,dohter ,fille,daughter,Tochter
,domme ,"condamner (juger, destiner)","to condemn (to judge, to destine)","verurteilen (richten, bestimmen)"
den,dommer ,juge,judge,Richter
den,donder ,tonnerre,thunder,Donner
den,donderdag ,jeudi,Thursday,Donnerstag
den,dör ,porte,door,Tür
,döre ,oser (modal),to dare (modal verb),wagen (Modalverb)
dat,dorp ,village,village,Dorf
den,dörst ,soif,thirst,Durst
den,douv ,pigeon,"pigeon, dove",Taube
den,drad ,fil,thread,"Faden, Draht"
,drage/drug/dragen ,tirer,"to drag, to pull",ziehen
den,draht ,"tenue, costume",attire,"Kleidung, Tracht"
den,drake ,dragon,dragon,Drache
,drie ,trois,three,drei
,dringe/drang/drungen ,"faire pression, pénétrer","to urge, to penetrate",dringen
,drinke/drank/drunken ,boire,to drink,trinken
,dru ,menacer,to threaten,drohen
,drücke ,presser,"to push, to press",drücken
,dry ,tourner (vtr.),to turn (vtr.),drehen
,dryve/driv/driven ,"pousser, conduire",to drive,treiben
,du ,"tu, toi",thou (you),du
,du/ded/don ,faire,to do,tun
,dünn ,mince,thin,dünn
,dürend ,"durant, pendant",during,während (Präp.)
den,dwerg ,nain,dwarf,Zwerg
,dwinge/dwang/dwungen ,forcer,to force,zwingen
den,dy ,cuisse,thigh,Oberschenkel
,dy ,"toi, ton","thee (you), thy (your)",dein
,e'weg ,au loin,"away, gone","weg, fort"
den,ebbe ,marée basse,ebb tide,Ebbe
,egen ,propre (à soi),own,eigen
dat,egg ,œuf,egg,Ei
den,eik ,chêne,oak,Eiche
dat,eiland ,île,island,Insel
,ein ,1,one,eins
dat,eir ,oreille,ear,Ohr
,eiske ,"demander, exiger","to ask, to demand","bitten, fordern"
,ekt ,véritable,"genuine, true","echt, wirklich"
,elch ,chaque,each,jeder
,elchander ,l’un l’autre,each other,einander
den,elf ,elfe (sub.),elf,Elfe
,elve ,11,eleven,elf
den,emper ,seau,bucket,Eimer
,en ,article indéfini singulier,singular indefinite article,unbestimmter Artikel Singular
,en'orm ,énorme,enormous,enorm
den,ende ,fin,end,Ende
,endegüldig ,définitif,definitive,endgültig
den,engel ,ange,angel,Engel
,England ,Angleterre,England,England
,enkel ,"seul, isolé",single (adj.),einzeln
,episch ,épique,epic,episch
,er'obre ,conquérir,to conquer,erobern
,er'sette ,remplacer,to replace,ersetzen
,er'tape ,prendre sur le fait,"to cop, to catch in the act",ertappen
den,esel ,âne,"donkey, ass",Esel
,et ,pronom personnel neutre singulier,neuter singular personal pronoun,Personalpronomen Neutrum Singular
,ete/at/eten ,manger,to eat,essen
,Eur'opa ,Europe,Europe,Europa
,europ'äisch ,européen (adj.),European (adj.),europäisch
dat,evenem'ente ,événement,event,Ereignis
den,evolusjonen ,évolution,evolution,"Entwicklung, Evolution"
dat,ex'empel ,exemple,example,Beispiel
,exepsjion'ell ,exceptionnel,exceptional,außergewöhnlich
den,fader ,père,father,Vater
den,faderschap ,paternité,"paternity, fatherhood",Vaterschaft
dat,fakt ,fait (subs.),fact,"Fakt, Tatsache"
den,falken ,faucon,falcon,Falke
den,fall ,"chute, cas","fall, case",Fall
,falle/fell/fallen ,tomber,to fall,fallen
,fals ,faux (falsifié),"fake, falsified",falsch (gefälscht)
den,familje ,famille,family,Familie
den,fane ,drapeau,"flag, banner",Fahne
,färdig ,"prêt, préparé","ready, prepared",fertig
,färdigstelle ,compléter,to complete,fertigstellen
den,faren ,danger,danger,Gefahr
den,fart ,allure,speed,Geschwindigkeit
den,farve ,couleur,color,Farbe
,fast ,solide,"firm, solid",fest
,fastsette,établir,"to establish, to set","festsetzen, festlegen"
den,fating ,"douille, cavité (ex : pour ampoule)","frame, receptacle, socket (such as for lightbulb)",Fassung (z. B. für Glühbirne)
,fau ,peu,few,wenige
den,favor'iten ,favori,favorite,"Favorit, Liebling"
den,febru'ar ,février,February,Februar
dat,feder ,plume,feather,Feder
,fehte/foht/fohten ,combattre,to fight,kämpfen
dat,felt ,champ (en général),field (in general),Feld (allgemein)
,femf ,cinq,five,fünf
,fer ,loin,far,fern
dat,fett ,graisse ; gras,fat,Fett
dat,fie ,bétail,cattle,Vieh
,fiele ,sentir,to feel,fühlen
den,fijand ,ennemi,enemy,Feind
den,fijandschap ,"hostilité, inimitié",hostility,"Feindschaft, Feindseligkeit"
den,fin'ansen ,finance,finance,Finanz(en)
,finde/fand/funden ,trouver,to find,finden
den,finger ,doigt,finger,Finger
,fir ,quatre,four,vier
den,fisch ,poisson,fish,Fisch
,fisisch ,physique,physical,physisch
dat,flag ,pavillon (drapeau),flag,Flagge
den,flamme ,flamme,flame,Flamme
den,flasche ,bouteille,bottle,Flasche
,flau ,couler (eau),to flow,fließen
dat,flesch ,"chair, viande","flesh, meat",Fleisch
,flie ,fuir,to flee,fliehen
,flote ,flotter,to float,"schweben, treiben"
den,flukt ,fuite,escape,Flucht
den,flur ,plancher,floor,"Boden, Fußboden"
,fly/flog/flogen ,voler (en l'air),to fly,fliegen
,fo/feng/fongen ,"attraper, capturer",to catch,fangen
den,fogel ,oiseau,bird,Vogel
dat,fölen ,poulain,foal,Fohlen
,folge ,suivre,to follow,folgen
dat,folk ,peuple,(a) people,Volk
,for ,"pour, avant, devant ; car","for, before, in front of; for, because","für, vor; denn"
den,for'autsetting ,condition,"condition, requirement","Voraussetzung, Bedingung"
,for'bide/for'bad/for'buden ,interdire,to forbid,verbieten
,for'binde/band/bunden ,relier,"to connect, to link",verbinden
,for'bruke ,"consumer, consommer",to consume,verbrauchen
den,for'drag ,contrat,"contract, treaty",Vertrag
,for'eine ,unir,to unite,vereinen
den,for'el ,truite,trout,Forelle
,for'gete/forgat/forgeten ,oublier,to forget,vergessen
,for'klare ,expliquer,to explain,erklären
,for'lede ,séduire,to seduce,verführen
,for'mode ,"supposer, supputer","to suppose, to guess",vermuten
,for'orsake ,"causer, provoquer",to cause,verursachen
,for'sake ,abandonner,to forsake,"aufgeben, verlassen"
,for'sorge ,approvisionner (en = met),"to provide, to supply (with = met)",versorgen
dat,forjaar ,printemps,spring (season),"Frühjahr, Frühling"
den,fork ,fourche,fork,Gabel
,forlovd ,fiancé,engaged (affianced),verlobt
,forlove ,promettre (en mariage),to betroth,verloben
,forsihtig ,prudent,"careful, cautious",vorsichtig
,forsoke/soht/soht ,"essayer, tenter","to try, to attempt",versuchen
,först ,premier,first,erster
den,forstad ,banlieue,suburb,Vorstadt
,fortelle/tal/talt ,raconter,"to tell, to narrate",erzählen
,fortsette,continuer,to continue,fortsetzen
den,fox ,renard,fox,Fuchs
den,frag ,"question, demande","question, request",Frage
,frage ,demander (à qqn ; question),to ask (someone a question),fragen
,fram ,en provenance de,(coming) from,von … her
den,framgang ,progrès,progress,Fortschritt
den,Franken ,Franc,Frank,Franke
,Frankrik ,France,France,Frankreich
,fransch ,français,French,französisch
,fresch ,frais,fresh,frisch
,fri ,libre,free,frei
den,fridag ,vendredi,Friday,Freitag
den,friden ,paix,peace,Frieden
den,friend ,ami,friend,Freund
den,friendschap ,amitié,friendship,Freundschaft
,friese/fros/frosen ,geler,to freeze,frieren
den,frosch ,grenouille,frog,Frosch
den,frukt ,fruit,fruit,Frucht
,fruktbar ,fructueux,fruitful,fruchtbar
,fuktig ,humide,"moist, humid",feucht
,full ,plein,full,voll
den,fürsten ,prince (régnant),prince (ruler),Fürst
,furte ,craindre,to fear,fürchten
den,fut ,pied,foot,Fuß
dat,fyer ,feu,fire,Feuer
,Galljen ,Gaule,Gaul,Gallien
den,gang ,"l'aller, la marche","(act of) going, running (also fig.)",Gang
,gape ,"béer, être béant",to gape,"klaffen, weit offen stehen"
den,gard ,cour,"yard, courtyard",Hof
den,garden ,jardin,garden,Garten
den,gäst ,hôte,guest,Gast
den,gave ,don,gift,Gabe
den,gavel ,fourchette,fork (eating utensil),Gabel (Essbesteck)
den,ge'maal ,époux,spouse (male),"Gemahl, Gatte"
den,ge'selen,associé,"associate, partner",Geselle
,Geiserik ,Genséric,Genseric,Geiserich
den,geit ,chèvre,goat,"Ziege, Geiß"
,gelv ,jaune,yellow,gelb
,gen ,contre,against,gegen
,germ'anisch ,germanique,Germanic,germanisch
,gester ,hier,yesterday,gestern
dat,gevär ,fusil,rifle,Gewehr
dat,gift ,poison,poison,Gift
,give/gav/given ,donner,to give,geben
,glad ,"content, joyeux",glad,froh
dat,glas ,verre,glass,Glas
,glatt ,lisse,smooth,glatt
,glo ,luire,to glow,glühen
den,glolampe ,lampe à incandescence,lightbulb,"Glühlampe, Glühbirne"
,go/gik/gon ,aller,to go,gehen
den,god ,dieu,god,Gott
dat,gold ,or,gold,Gold
den,goos ,oie,goose,Gans
den,Goten ,Goth,Goth,Gote
dat,gras ,herbe,grass,Gras
,grau ,gris,gray,grau
,grave/grov/graven ,creuser,to dig,graben
den,grens ,frontière,"border, frontier",Grenze
,grete/grot/greten ,pleurer,to weep,weinen
den,Griek ,Grec (subs.),Greek (noun),Grieche
,grin ,vert,green,grün
,grot ,grand,"big, large, great",groß
den,grund ,sol ; raison,"soil, ground; reason, cause",Grund (Boden; Ursache)
,grunde ,fonder,"to found, to establish",gründen
,grype/grip/gripen ,saisir,"to grasp, to take hold of",greifen
,gud ,bon,good,gut
den,gunst ,faveur,favor,Gunst
den,gyst ,esprit,"ghost, spirit",Geist
den,haan ,coq,rooster,Hahn (Tier)
dat,haar ,cheveux,hair,Haar
den,hall ,"halle, grande salle","hall, hallway","Halle; Flur, Diele"
den,hals ,cou,neck,Hals
dat,hamit ,chemise,shirt,Hemd
den,hammer ,marteau,hammer,Hammer
den,hand ,main,hand,Hand
den,handel ,commerce,commerce,Handel
,handle ,manier ; agir,to handle; to act,handhaben; handeln
den,handschu ,gant,glove,Handschuh
,hange/heng/hangen ,pendre,to hang,hängen
,hard ,dur,hard,hart
den,hare ,lièvre,hare,Hase
den,harfst ,automne,"autumn, fall",Herbst
dat,hart ,cœur,heart,Herz
den,hast ,hâte,haste,"Hast, Eile"
,haste ,se hâter,"to hasten, to hurry","hasten, eilen"
,hastig ,pressé,hasty,hastig
den,hat ,chapeau,hat,Hut
den,haud ,peau,skin,Haut
dat,haus ,maison,house,Haus
den,hausbond ,mari,husband,Ehemann
,have/had/had ,avoir,to have,haben
den,haven ,port,"harbor, haven, port",Hafen
den,haver ,avoine,oat,Hafer
den,hecke ,haie,hedge,Hecke
dat,hege ,enclose,"enclosure, pen",Gehege
dat,hei ,foin,hay,Heu
,heilig ,sacré,holy,heilig
dat,heim ,foyer,home,Heim
,heimlig ,"secret, confidentiel","furtive, secret",heimlich
,heite/het/heiten ,s'appeler,to be called,heißen
,hel ,entier,whole,ganz
den,helt ,héros,hero,Held
dat,hen ,poule,"hen, chicken","Huhn, Henne"
,her ,elle ; son,her (object and poss.),"sie, ihr (sg.)"
den,hering ,hareng,herring,Hering
den,herren ,"seigneur, monsieur","sir, mister",Herr
,herrsche ,dominer,"to rule, to dominate",herrschen
,hi ,"il, lui",he,er
,hide ,cacher,to hide,verstecken
den,hiel ,talon,heel,Ferse
,hier ,ici,here,hier
den,higel ,colline,hill,Hügel
,him ,"lui, le",him,ihn
den,himmel ,ciel,"sky, heaven",Himmel
,hindre ,empêcher,to hinder,hindern
den,Hobbit ,hobbit,hobbit,Hobbit
dat,hof ,cour,"court, courtyard",Hof
,hog ,haut,high,hoch
,holde/held/holden ,tenir,to hold,halten
den,honig ,miel,honey,Honig
den,hop ,espoir,hope,Hoffnung
,höre ,entendre,to hear,hören
dat,horn ,corne,horn,Horn
dat,hot'el ,hôtel,hotel,Hotel
dat,hovd ,tête,head,"Kopf, Haupt"
,hu ,comment,how,wie
den,Hun ,Hun,Hun,Hunne
den,hund ,chien,dog,Hund
,hundred ,cent,hundred,hundert
den,hunger ,faim,hunger,Hunger
den,hütte ,hutte,"shack, hut",Hütte
den,hy ,requin,shark,Hai
den,id'ee ,idée,idea,Idee
,ie ,vous (sujet),"you (plural or polite, subject)","ihr (Subjekt, auch Höflichkeitsform)"
,ik ,"je, moi",I,ich
,ill ,mal (adv.),"badly, ill",schlecht (Adv.)
,in ,dans,in,in
den,infall ,invasion,invasion,"Einfall, Einmarsch"
,inheimisch ,indigène,indigenous,einheimisch
,inkwart'eere ,"loger, cantonner",to accommodate (someone),"einquartieren, unterbringen"
dat,ins'ekte ,insecte,insect,Insekt
,intakt ,intact,intact,intakt
den,integra'sjonen ,intégration,integration,"Integration, Eingliederung"
den,inter'esse ,l'intérêt,interest,Interesse
,interes'eere ,intéresser,to interest,interessieren
,It'aljen ,Italie,Italy,Italien
,ivel ,mauvais,"bad, evil","schlecht, böse, übel"
,ja ,oui,yes,ja
dat,jaar ,an(née),year,Jahr
dat,jaarhundred ,siècle,century,Jahrhundert
den,jaarstyd ,saison,season (of the year),Jahreszeit
den,jacke ,"veste, manteau","jacket, coat","Jacke, Mantel"
,jage/jog/jagen ,chasser,"to chase, to hunt",jagen
den,jakt ,chasse,"chase, hunt",Jagd
den,janu'ar ,janvier,January,Januar
,jer ,vous (oblique),"you (plural or polite, object)",euch
den,ju'velen ,"bijou, joyau",jewel,Juwel
den,juli ,juillet,July,Juli
,jung ,jeune,young,jung
den,jungling ,le jeune homme,young man,Jüngling
den,juni ,juin,June,Juni
den,junker ,hobereau,country squire,Junker
,jur ,"votre, vos",your (plural or polite),euer
den,kalk ,chaux,"chalk, lime",Kalk
,kalle ,appeler,to call,rufen
dat,kalv ,veau,calf (animal),Kalb
den,kam ,peigne,comb,Kamm
den,kammer ,chambre,"chamber, room","Kammer, Zimmer"
dat,kan'in ,lapin,rabbit,Kaninchen
den,kanten ,"bordure, lisière","edge, rim","Kante, Rand"
dat,kaos ,chaos,chaos,Chaos
den,kartoffel ,pomme de terre,potato,Kartoffel
,kaste ,"jeter, lancer",to throw,werfen
den,kat ,chat,cat,Katze
,kaupe ,acheter,to buy,kaufen
den,kede ,chaîne,chain,Kette
den,keller ,cave,"basement, cellar",Keller
,kenne ,connaître,to know (to be acquainted with),kennen
den,kettel ,"chaudron, marmite","kettle, cauldron",Kessel
dat,kid ,petit d'animal,young animal,Jungtier
,kiese/kos/kosen ,"choisir, désigner",to choose,wählen
den,kin ,menton,chin,Kinn
den,kirche ,église,church,Kirche
den,kirchegard ,cimetière,"cemetery, churchyard",Friedhof
den,kirsch ,cerise,cherry,Kirsche
den,kiste ,"caisse, grosse boîte","chest, box",Kiste
,klar ,clair,clear,klar
dat,kled ,vêtement,"garment, piece of clothing","Kleidungsstück, Kleid"
,kleje ,gratter,to scratch,kratzen
,klimbe ,grimper,to climb,klettern
den,klippe ,falaise,cliff,Klippe
dat,kloster ,cloître,"cloister (monastery, convent)",Kloster
den,knape ,page (garçon),"page, knave",Knappe
dat,knie ,genou,knee,Knie
den,kniv ,couteau,knife,Messer
den,knocke ,os,bone,Knochen
den,köcken ,cuisine,kitchen,Küche
den,kogge ,cogue,cog (ship),Kogge
den,kok ,cuisinier,cook,Koch
,koke ,cuire,to cook,kochen
den,kol ,chou,cabbage,Kohl
,kold ,froid,cold,kalt
den,kole ,charbon,coal,Kohle
den,koll'egen ,collègue,colleague,Kollege
,Köln ,Cologne,Cologne,Köln
,komme/kam/kommen ,venir,to come,kommen
den,kompet'ence ,compétence,competence,Kompetenz
den,komst ,venue,coming,Ankunft
,konfront'eere ,confronter (vtr),to confront,"konfrontieren, zur Rede stellen"
den,kongr'essen ,congrès,congress,Kongress
den,koning ,roi,king,König
den,kopper ,cuivre,copper,Kupfer
dat,korn ,céréale,"grain, cereal","Getreide, Korn"
den,korv ,panier,basket,Korb
den,kost ,la chère (nourriture),"fare, food",Kost
den,kraft ,"force, puissance","force, strength, power",Kraft
den,krämer ,épicier,"grocer, shopkeeper","Krämer, Lebensmittelhändler"
den,krans ,couronne (ex: fleurs),wreath (of flowers etc.),Kranz (z. B. aus Blumen)
dat,kräuts ,croix,cross,Kreuz
,kräutse ,traverser,to cross,"kreuzen, überqueren"
den,kredit ,crédit,credit,Kredit
den,krig ,guerre,war,Krieg
den,kriger ,guerrier,warrior,Krieger
den,kristen ,chrétien,Christian (noun),Christ
den,krone ,couronne,crown,Krone
den,ku ,vache,cow,Kuh
,kunne ,"pouvoir (présent: kann, prétérit et participe passé: kunnd)","can, to be able (present: kann, preterite and past participle: kunnd)","können (Präsens: kann, Präteritum und Partizip II: kunnd)"
den,kunst ,art,art,Kunst
den,kusine ,cousine,girl cousin,Cousine
den,kust ,côte,coast,Küste
,kutte ,couper,to cut,schneiden
,kwick ,vite ; vif,quick,schnell
den,kyser ,empereur,emperor,Kaiser
,laag ,bas,low,"niedrig, tief"
den,ladder ,échelle (pour grimper),ladder,Leiter
den,lag ,"situation, position","situation, position",Lage
,lahe ,rire,to laugh,lachen
dat,laken ,drap,bedsheet,Laken
dat,lamb ,agneau,lamb,Lamm
den,lampe ,lampe,lamp,Lampe
dat,land ,"pays, campagne","land, country, countryside",Land
den,landbruk ,agriculture,agriculture,Landwirtschaft
,lang ,long,long,lang
,langsam ,lent,slow,langsam
,lat ,tard,late,spät
,late/let/laten ,laisser,to let,lassen
,latst ,dernier,last,letzter
dat,lauf ,feuillage,"foliage, leaves",Laub
,laupe ,courir,to run,laufen
den,laus ,pou,louse,Laus
den,lax ,saumon,salmon,Lachs
,lede ,"conduire, mener",to lead,"führen, leiten"
dat,leder ,cuir,leather,Leder
,lere ,apprendre,to learn,lernen
den,lerklining ,"torchis, clayonnage",wattle and daub,Flechtwerk mit Lehm
,leve ,vivre,to live,leben
den,lever ,foie,liver,Leber
,lifte ,lever (vtr.),to lift,heben
,ligge/lag/legen ,être couché,"to lie (horizontally, to be situated)",liegen
dat,liham ,corps,body,Körper
dat,liht ,lumière,light (noun),Licht
,like ,aimer bien,to like,mögen
den,linje ,ligne,line,Linie
den,lip ,lèvre,lip,Lippe
,lisne ,écouter,to listen,"zuhören, anhören"
,litel ,petit,"little, small",klein
dat,live ,vie,life,Leben
den,lock ,boucle de cheveux,lock (of hair),Locke
,loke ,fermer,to close,schließen
dat,loon ,le prêt,loan,Darlehen
den,lotsen ,le pilote (maritime),pilot (naut.),Lotse
den,löve ,lion,lion,Löwe
den,low ,loi,law,Gesetz
,lowlyk ,légal,legal,"legal, gesetzlich"
den,lück ,"bonheur, chance",luck,Glück
,lücke ,réussir (datif du chance),"to succeed, to turn out well (for = dative)",glücken
,lücklig ,"heureux, chanceux","lucky, happy",glücklich
dat,luder ,garce (!),"slut, bitch (pej.)",Luder
den,luft ,air,air,Luft
den,lunge ,poumon,lung,Lunge
,lure ,"épier, être à l’aguet","to lurk, to lie in wait",lauern
,lyk ,comme (aussi suffixe d'adjectifs),like (also adjectival suffix),"wie (an Adjektiven -lich, -artig)"
,lyt ,léger ; facile,light; easy,leicht
,mä ,mais,but,aber
den,mag'ie ,magie,magic (noun),Magie
den,mage ,estomac,stomach,Magen
den,maht ,"pouvoir, puissance","power, might",Macht
den,mai ,mai,May,Mai
den,mäid ,"femme, jeune fille","woman, young girl",junge Frau
den,majest'eit ,majesté,majesty,Majestät
,make ,"faire, fabriquer",to make,"machen, herstellen"
,male/mel/malen ,"moudre, broyer",to grind,mahlen
den,maler ,peintre,painter,Maler
,mang ,beaucoup,much,viel
den,mann ,"homme, mari","man, husband",Mann
den,marschal ,maréchal,marshal,Marschall
den,marts ,mars,March,März
den,mast ,mât,mast,Mast
den,maus ,souris,mouse,Maus
,mawe ,faucher,to mow,mähen
dat,me'nü ,menu (subs.),menu,Menü
dat,mel ,farine,flour,Mehl
,melde ,signaler,to report,melden
den,melk ,lait,milk,Milch
,melke ,traire,to milk,melken
den,mensch ,humain (subs.),human (noun),Mensch
,mer ,plus,more,mehr
den,meri ,jument,mare,Stute
,merke ,remarquer,to notice,(be)merken
,mest ,le plus,most,meist
,met ,avec,with,mit
dat,met'all ,métal,metal,Metall
den,middag ,midi,"noon, midday",Mittag
den,midde ,milieu,middle,Mitte
dat,middel ,moyen ; (adj.) central,"means; (adj.) middle, central",Mittel; (adj.) mittlere
den,midnaht ,minuit,midnight,Mitternacht
den,mille ,moulin,mill,Mühle
den,miller ,meunier,miller,Müller
den,min'ute ,minute,minute,Minute
,minder ,"plus petit, moins, moindre","smaller, less","kleiner, weniger"
,minst ,"le moindre, le plus petit","smallest, least","kleinst, wenigst"
den,mire ,fourmi,ant,Ameise
den,mist ,brume,mist,"Nebel, Dunst"
,mistroje ,"ne pas avoir confiance en, suspecter","to mistrust, to suspect",misstrauen
den,möbel ,meuble,item of furniture,Möbel(stück)
den,mode ,mode,"fashion, vogue",Mode
den,moder ,mère,mother,Mutter
,moge ,"avoir le droit de (présent: mog, prétérit et participe passér: mohd)","may, to be allowed (present: mog, preterite and past participle: mohd)","dürfen (Präsens: mog, Präteritum und Partizip II: mohd)"
,möglig ,possible,possible,möglich
,mogsche ,peut-être,"maybe, perhaps",vielleicht
den,mon ,lune,moon,Mond
den,monad ,mois,month,Monat
den,mondag ,lundi,Monday,Montag
den,mönt ,monnaie,money,Geld
den,morgen ,matin,morning,Morgen
,mörk ,sombre,dark,dunkel
den,mot'or ,moteur,motor,Motor
den,müge ,moustique,"midge, mosquito",Mücke
den,mund ,bouche,mouth,Mund
den,münte ,menthe,mint,Minze
den,mur ,mur,wall,"Mauer, Wand"
dat,murmel ,murmure,"murmur, muttering",Gemurmel
,muste ,"devoir (présent et participe passé: must, prétérit: muste)","must (present and past participle: must, preterite: muste)","müssen (Präsens und Partizip II: must, Präteritum: muste)"
den,mütse ,bonnet,"cap, hat",Mütze
,my ,"moi, mon","me, my","mich, mir, mein"
den,myl ,mille (mesure ; subs.),mile,Meile
den,naal ,aiguille,needle,Nadel
den,nagel ,"ongle, clou",nail,Nagel
den,naht ,nuit,night,Nacht
den,nahtgal ,rossignol,nightingale,Nachtigall
den,name ,nom,name,Name
,när ,"près de, proche",near,nahe (bei)
den,narr ,"bouffon, fou","fool, jester",Narr
den,nas ,nez,nose,Nase
den,navel ,nombril,navel,Nabel
den,necke ,nuque,nape,Nacken
,neder ,(vers le) bas,down(wards),nieder
,Nederland ,Pays-Bas,Netherlands,Niederlande
,nee ,non,no,nein
den,nefe ,neveu,nephew,Neffe
,nei- ,aucun (décliné),"no, none (declined)",kein (dekliniert)
dat,net ,filet,net,Netz
dat,netwerk ,réseau,network,Netzwerk
,neu ,nouveau,new,neu
,nit ,ne... pas,not,nicht
den,njese ,nièce,niece,Nichte
,noh ,encore (toujours),"still, yet",noch
den,nom'aden ,nomade,nomad,Nomade
den,nord ,nord,north,Norden
,Norweg ,Norvège,Norway,Norwegen
den,nöt ,noix,nut (bot.),Nuss
den,nov'ember ,novembre,November,November
,nu ,maintenant,now,"jetzt, nun"
,nug ,assez,enough,genug
,nyn ,neuf,nine,neun
,of ,si (interrogatif),"if, whether (interrogative)",ob (interrogativ)
,ofder ,ou,or,oder
,öffentlig ,public,public,öffentlich
,oft ,souvent,often,oft
,oh ,"aussi, et","also, too, and","auch, und"
,ökon'omisch ,économique,economic,ökonomisch
den,okt'ober ,october,October,Oktober
den,oli ,huile,oil,Öl
,ombude ,"transiger, négocier","to negotiate, to come to terms","verhandeln, einen Vergleich schließen"
den,onkel ,oncle,uncle,Onkel
,open ,ouvert,open,offen
,opne ,ouvrir,to open,öffnen
den,opsj'onen ,option,option,Option
,or ,"notre, nos",our,unser
den,örd ,terre,earth,Erde
den,order ,ordre (commandement),order (command),"Order, Befehl"
,os ,nous (oblique),us,uns
den,öst ,est,east,Osten
dat,oster ,pâques,Easter,Ostern
,over ,au-dessus de,"over, above",über
,over'falle/fell/fallen ,attaquer,to attack,überfallen
,over'winne/won/wonnen ,vaincre,to defeat,besiegen
,overall ,partout,everywhere,überall
den,oxe ,boeuf,ox,Ochse
den,pad ,sentier,path,Pfad
dat,pal'eis ,palais,palace,Palast
den,paniken ,panique,panic,Panik
dat,panser ,"armure, blindage",armor,"Panzer, Rüstung"
dat,pap'ir ,papier,papier,Papier
dat,par ,"couple, paire","couple, pair",Paar
den,park ,parc,park,Park
dat,password ,mot de passe,password,Passwort
den,pels ,fourrure,fur,Pelz
den,per ,poire,pear,Birne
,pikswart ,très noir,pitch-black,pechschwarz
den,plage ,"épidémie, plaie, fléau","plague, nuisance",Plage
den,plan ,plan,plan,Plan
den,plante ,plante ; planter,plant; to plant,Pflanze
den,plats ,"place (square ; emplacement réservé), lieu","place, square, seat",Platz
den,pliht ,"devoir, obligation","obligation, duty",Pflicht
den,plog ,charrue,plow,Pflug
den,plume ,prune,plum,Pflaume
,plundre ,piller,to plunder,plündern
den,pol'is ,police,police,Polizei
,Polen ,Pologne,Poland,Polen
den,post ,la poste,"post, mail",Post
den,pot ,pot,pot,Topf
,praktisch ,pratique,practical,praktisch
den,präsid'enten ,président,president,Präsident
den,pro'cess ,procès,process,"Prozess, Vorgang"
dat,progr'amme ,programme,program,Programm
den,prys ,prix,price; prize,Preis
den,pul ,mare,"puddle, pool","Pfütze, Tümpel"
den,pumpe ,pompe,pump,Pumpe
den,raad ,conseil,advice; council,Rat
dat,raadhaus ,mairie,townhall,Rathaus
den,rand ,bord,"edge, border",Rand
den,rat ,rat,rat,Ratte
den,reek ,fumée,smoke,Rauch
den,regel ,règle (norme),rule (norm),Regel (Norm)
,regul'eere ,réguler,"to regulate, to control","regulieren, steuern"
dat,reht ,le droit ; droit (adj.),right (noun); right(-hand) (adj.),"Recht; recht (adj., rechterhand)"
,reiche ,atteindre,"to achieve, to attain",erreichen
den,rein ,pluie,rain,Regen
den,reinbou ,arc-en-ciel,rainbow,Regenbogen
dat,reip ,corde,rope,Seil
den,relasjonen ,relation,relation,"Beziehung, Verhältnis"
,ren ,pur,pure,rein (Adj.)
dat,rendier ,renne,reindeer,Rentier
,renne/rant/runt ,courir (vite),to run,rennen
den,rente ,rente,pension,Rente
,repar'eere ,réparer,to repair,reparieren
,represent'eere ,représenter,to represent,"repräsentieren, vertreten"
den,restaur'ant ,restaurant,restaurant,Restaurant
den,Rhyn ,Rhin,Rhine,Rhein
,rich ,riche,rich,reich
,rihtig ,"exact, correct","right, correct",richtig
den,rihtlinje ,directive,"guideline, policy",Richtlinie
dat,rik ,empire,empire,Reich
den,rinde ,pelure,rind,Schale (einer Frucht)
den,ring ,anneau,ring,Ring
den,rise ,géant,giant (noun),Riese
den,rivj'er ,cours d'eau,"river, stream","Fluss, Strom"
den,rivj'erbank ,rive,riverbank,Flussufer
,rod ,rouge,red,rot
den,rog ,seigle,rye,Roggen
den,rolle ,rôle,role,Rolle
,Rom ,Rome,Rome,Rom
,rom'än ,romain (adj. & subs.),"Roman (adj., noun)","Römer, römisch"
den,room ,crème (alimentaire),cream (food),Rahm
dat,ross ,cheval,horse,Pferd
den,rot ,racine,root,Wurzel
,rotten ,pourri,rotten,"faul, verdorben"
dat,ruder ,gouvernail,"helm, rudder",Ruder
den,rüg ,dos,back (body part),Rücken
den,rügsack ,sac à dos,backpack,Rucksack
,ruin'eere ,ruiner,to ruin,ruinieren
,rund ,rond,round (adj.),rund
,Russland ,Russie,Russia,Russland
,ryde/rid/riden ,chevaucher,to ride,reiten
,ryp ,mûr,ripe,reif
den,ryse ,voyage,"journey, voyage",Reise
den,sack ,sac,"bag, pouch","Sack, Beutel"
den,sag ,scie,saw (tool),Säge
den,sake ,"chose, affaire","thing, affair","Sache, Angelegenheit"
den,sal ,salle,"hall, room","Saal, Raum"
dat,salt ,sel,salt,Salz
,same ,même (adj.),same,"der gleiche, derselbe"
,sammen ,ensemble,together,zusammen
den,sand ,sable,sand,Sand
den,saturdag ,samedi,Saturday,Samstag
den,Saxen ,Saxon,Saxon (noun),Sachse
,schade ,nuire à,"to damage, to harm",schaden
den,schadu ,ombre,shadow,Schatten
,schake ,secouer,to shake,schütteln
dat,schap ,mouton,sheep,Schaf
,scharp ,"aigu, pointu",sharp,"scharf, spitz"
den,schatt ,trésor,treasure,Schatz
,sche ,"se produire, arriver",to happen,"geschehen, sich ereignen"
,schiete/schot/schoten ,tirer (avec une arme),to shoot,schießen
den,schildpad ,tortue,"tortoise, turtle",Schildkröte
den,schilling ,"sou, s(c)hilling",shilling,S(c)hilling
dat,schip ,navire,ship,Schiff
,schön ,beau,beautiful,schön
,schort ,court,short,kurz
den,schovel ,pelle,shovel,Schaufel
den,schreck ,"terreur, effroi","scare, terror",Schrecken
,schrecke ,"terrifier, effrayer","to scare, to terrify",erschrecken
,schry ,crier,to scream,schreien
,schryve/schriv/schriven ,écrire,to write,schreiben
den,schu ,chaussure,shoe,Schuh
den,schuld ,"dette, responsabilité","debt, liability, guilt",Schuld
den,schulder ,épaule,shoulder,Schulter
,schulle ,"devoir (conseil) ; présent: schall, prétérit et participe passé: schuld, conditionnel: schoud","shall (present: schall, preterite and past participle: schuld, conditional: schoud)","sollen (Präsens: schall, Präteritum und Partizip II: schuld, Konditional: schoud)"
,schyne/schin/schinen ,briller,to shine,scheinen (Sonne)
den,sed ,"semence, graine",seed,Same
den,see ,mer,sea,Meer
,seje ,dire,to say,sagen
den,sek'unde ,seconde,second (time interval),Sekunde
,selle/sold/sold ,vendre,to sell,verkaufen
,selsam ,étrange,strange,seltsam
,selv ,soi,(one)self,selbst
,sende ,envoyer,to send,senden
den,seneschalk ,sénéchal,seneschal,Seneschall
den,sept'ember ,septembre,September,September
,serj'ös ,"sérieux, grave",serious,"seriös, ernst"
,serlig ,très,very,sehr
,sette ,"poser, mettre (assis)","to put, to set","setzen, legen"
,seven ,sept,seven,sieben
,sex ,six,six,sechs
den,sexe ,sexe,sex,Sex
,si ,elle,she,sie (sg.)
,sick ,malade,"sick, ill",krank
,sie/so/sien ,voir,to see,sehen
,Sigurd ,Siegfried,Siegfried,Siegfried
den,siht ,vue,sight,Sicht
,siker ,sür,"sure, secure, safe",sicher
dat,silver ,argent,silver,Silber
,singe/sang/sungen ,chanter,to sing,singen
den,sinne ,sens,sense,Sinn
,sins ,depuis,since,seit
,sitte/sat/sitten ,être assis,to sit,sitzen
,skaate ,patiner,to skate,Schlittschuh laufen
den,skade ,dommage ; endommager,"damage, harm; to damage, to harm",Schaden; beschädigen
dat,skap ,armoire,"cupboard, cabinet",Schrank
den,skate ,raie (poisson),"ray, skate (fish)",Rochen
den,skört ,jupe,skirt,Rock
,skrabe ,râcler,to scrub,scheuern
den,skule ,école,school,Schule
,slaa/slog/slagen ,frapper,"to beat, to hit",schlagen
den,slam ,boue,mud,Schlamm
den,slange ,serpent,snake,Schlange
,slape/slep/slapen ,dormir,to sleep,schlafen
dat,slott ,château (d'habitation),castle,Schloss (Gebäude)
,smal ,étroit,narrow,schmal
den,smed ,forgeron,blacksmith,Schmied
,smede ,forger,to forge,schmieden
,smere ,"étaler, tartiner",to smear,schmieren
,smuck ,attractif,"neat, attractive","schmuck, ansprechend"
,smücke ,orner,"to adorn, to decorate",schmücken
,smutsig ,sale,dirty,schmutzig
den,sne ,neige,snow,Schnee
den,sneil ,escargot,snail,Schnecke
,so ,semer,to sow,säen
,so ,"ainsi, si, tant",so,so
,sober ,sobre,sober,nüchtern
,soke/soht/soht ,chercher,"to seek, to search",suchen
,somm ,"certain, quelque","some, a certain","einige, gewisse"
den,sommer ,été,summer,Sommer
den,son ,fils,son,Sohn
den,sope ,savon,soap,Seife
,söt ,doux,sweet,süß
,sovj'etisch ,soviétique,Soviet (adj.),sowjetisch
den,spade ,bêche,spade,Spaten
,spare ,épargner,"to spare, to save",sparen
,specj'al ,spécial,special,"besonders, speziell"
den,spejel ,miroir,mirror,Spiegel
,spele ,jouer,to play,spielen
dat,spil ,jeu,game,Spiel
dat,spit'al ,hôpital,hospital,Krankenhaus
,splite ,fendre,to split,spalten
dat,spraak ,"langue, langage",language,Sprache
,spreken/sprak/sproken ,parler,to speak,sprechen
,springe/sprang/sprungen ,sauter,"to jump, to spring",springen
,spüte ,cracher,to spit,spucken
den,stack ,tas,stack,Stapel
den,stad ,ville,"town, city",Stadt
den,stal ,acier,steel,Stahl
den,stam ,tronc ; tribu,"stem, trunk; tribe",Stamm
den,stäp ,pas,step,Schritt
den,start ,départ,start,Start
den,stasj'onen ,gare,(train) station,Station
dat,stat'uten ,statut,statute,Statut
den,staten ,Etat,the State,Staat
,stecke/stack/stocken ,piquer,"to sting, to stab, to stick",stechen
den,stein ,pierre,stone,Stein
,stele/stal/stolen ,voler (qqch.),to steal,stehlen
,stelle ,mettre debout,to place upright,stellen
den,stemme ,voix,voice,Stimme
,sterk ,fort,strong,stark
den,stern ,étoile,star,Stern
den,stift ,crayon,"pen, pencil",Stift
,still,"calme, tranquille","calm, still, silent",still
,stinke/stank/stunken ,puer,to stink,stinken
,sto ,être debout,to stand,stehen
den,stok ,bâton,"stick, staff",Stock
,stöne ,gémir,to groan,stöhnen
,störe ,détruire,to destroy,zerstören
den,storm ,tempête,storm,Sturm
,stötte ,soutenir,to support,stützen
den,stov ,poussière,dust,Staub
den,straalen ,rayon,"beam, ray",Strahl
den,straf ,"punition, peine",punishment,Strafe
den,strat ,"rue, route","street, road",Straße
,strax ,aussitôt,immediately,sofort
dat,stro ,paille,straw,Stroh
den,strom ,courant,stream,Strom
den,strump ,bas (habit),"stocking, sock",Strumpf
den,stud'enten ,étudiant,student,Student
den,stul ,chaise,chair,Stuhl
,stum ,muet,mute,stumm
,stump ,"émoussé, obtus","blunt, dull",stumpf
,sü ,coudre,to sew,nähen
den,sucker ,sucre,sugar,Zucker
den,süd ,sud,south,Süden
,suge/sog/sogen ,"sucer, téter",to suck,saugen
den,sum ,somme (fém.),sum,Summe
den,sunn ,soleil,sun,Sonne
den,sunndag ,dimanche,Sunday,Sonntag
den,suppe ,soupe,soup,Suppe
den,suster ,sœur,sister,Schwester
den,suveränit'eit ,souveraineté,sovereignty,Souveränität
,swaar ,"dur, difficile",heavy; difficult,"schwer, schwierig"
den,swager ,beau-frère,brother-in-law,Schwager
,swak ,faible,weak,schwach
den,swalve ,hirondelle,swallow (bird),Schwalbe
den,swans ,queue,tail,Schwanz
,swart ,noir,black,schwarz
,Sweden ,Suède,Sweden,Schweden
,Sweeb ,Suève,Suebian (noun),Suebe
,swiger- ,"« beau- », suffixe exprimant la parenté par alliance","""-in-law"", suffix meaning: related by marriage",Schwieger-
,swimme/swamm/swommen ,nager,to swim,schwimmen
,swinge/swang/swungen ,(se) balancer,to swing,schwingen
dat,swyn ,porc,"pig, hog, swine",Schwein
,sy ,"se ; son (masculin, commun et neutre)","himself, herself, itself, themselves; his, its (masculine, common and neuter)","sich; sein (Maskulinum, Utrum und Neutrum)"
den,syde ,côté,side,Seite
den,tabel ,table,table,Tisch
,take/tok/taken ,prendre,to take,nehmen
dat,tal ,nombre,number,Zahl
,talrich ,nombreux,numerous,zahlreich
,tan ,alors,then,dann
den,tand ,dent,tooth,Zahn
den,tang ,pince,"pliers, tongs",Zange
den,tante ,tante,aunt,Tante
dat,tastebord ,clavier,keyboard,Tastatur
dat,tau ,"câble, grosse corde","rope, cable","Tau, Seil"
,tausend ,mille,thousand,tausend
den,te ,thé,tea,Tee
dat,te'ater ,théâtre,theater,Theater
dat,teken ,signe,sign,Zeichen
,ten ,dix,ten,zehn
dat,territ'orjum ,territoire,territory,Gebiet
,Tiewe ,Tyr,Týr,Tyr
den,tiewesdag ,mardi,Tuesday,Dienstag
den,tiger ,tigre,tiger,Tiger
,till ,jusqu'à (ce que),"until, till",bis
den,tolk ,"interprète, traducteur","interpreter, translator","Dolmetscher, Übersetzer"
den,toll ,douane,"toll, customs",Zoll
den,tradisj'onen ,tradition,tradition,Tradition
den,trap ,escalier,stairs,Treppe
dat,tre ,arbre,tree,Baum
,tred ,fatigué,tired,müde
dat,tribun'al ,"tribunal, cour de justice","court, tribunal",Gericht (jur.)
den,troj ,confiance,"trust, confidence",Vertrauen
,troje in ,avoir confiance en,to trust,vertrauen
den,tron ,trône,throne,Thron
,trots ,"malgré, en dépit de",in spite of,trotz
,tu ,à ; trop,to; too (excessively),zu
den,tuflukt ,refuge,refuge,Zuflucht
den,tugang ,accès,access,Zugang
,tuganglyk ,accessible,accessible,zugänglich
,tulate/let/laten ,permettre,"to permit, to allow","zulassen, erlauben"
den,tunge ,langue (dans la bouche),tongue,Zunge
den,turn ,tour,tower,Turm
,tuwards ,(en)vers,towards,hin zu
,tuwyse/wis/wisen ,assigner,"to assign, to allocate","zuweisen, zuteilen"
,twalv ,douze,twelve,zwölf
,twen ,entre,between,zwischen
,twig ,"branche, rameau",branch,Zweig
,two ,deux,two,zwei
,twunti ,vingt,twenty,zwanzig
den,tyd ,temps ; fois,time; occasion,Zeit; Mal
,Ukra'ine ,Ukraine,Ukraine,Ukraine
,um ,autour de,around (prep.),um (… herum)
den,um'giving ,alentours,"environment, surroundings",Umgebung
,under ,sous,under,unter
,under'handle ,négocier,to negotiate,verhandeln
,under'kaste ,soumettre,"to subject, to subjugate",unterwerfen
,under'schyde/schid/schiden ,"distinguer, différencier","to distinguish, to differentiate",unterscheiden
,under'tekne ,signer,to (under)sign,unterzeichnen
,under'wyse/wis/wisen ,enseigner,to teach,"unterweisen, unterrichten"
dat,unweder ,orage,thunderstorm,"Unwetter, Gewitter"
,up ,vers le haut ; sur,up(wards); on (top of),hinauf; auf
,upbeware ,"maintenir, conserver","to store, to keep",aufbewahren
dat,updrag ,mission,mission,Auftrag
den,ur ,"montre, horloge",clock,Uhr
den,Vand'alen ,Vandale,Vandal,Vandale
den,vase ,le vase,vase,Vase
dat,vrack ,épave,wreck,Wrack
den,vräde ,colère,wrath,Zorn
,vrong ,"faux, tordu",wrong,"falsch, unrichtig"
dat,waapen ,arme,weapon,Waffe
,waar ,où,where,wo
,waarfor?,pourquoi,why,warum
,wackle ,vaciller,"to stagger, to wobble",wackeln
den,waffel ,gaufre,waffle,Waffel
den,wagen ,voiture,car,Wagen
,wandre ,errer,to wander (about),wandern
den,wang ,joue,cheek,Wange
den,ware ,marchandise,"goods, merchandise",Ware
dat,warehaus ,magasin,"store, warehouse","Geschäft, Warenhaus, Lager"
,warm ,chaud,warm,warm
,wärs ,"pire, pis",worse,schlechter
,wärst ,le pire,worst,schlechtest
,wasche ,laver,to wash,waschen
dat,water ,eau,water,Wasser
dat,wax ,cire,wax,Wachs
,wecke ,réveiller,to wake (vtr.),wecken
dat,wed ,bois (deux sens),"wood, forest","Holz, Wald"
dat,weder ,temps (météo),weather,Wetter
den,week ,semaine,week,Woche
den,weg ,chemin,"way, path",Weg
,wel ,bien (adv.),well,"gut, wohl (Adv.)"
,welch ,(le)quel,which,welcher
,welkomm!,bienvenu,welcome,willkommen
,wem ,"qui, que (pronom interrogatif et relatif oblique)",whom (object form of interrogative and relative pronoun),"wem, wen (Frage- und Relativpronomen)"
,wen ,"si, quand (conj.)","when, if (conj.)","wenn, falls (Konj.)"
den,wer ,défense,defense,"Wehr, Verteidigung"
,wer ,qui ? (nominatif),who? (nominative),wer?
,werde ,"devenir (prétérit: ward, participe passé: urden, conditionnel: ürde)","to become (preterite: ward, past participle: urden, conditional: ürde)","werden (Präteritum: ward, Partizip II: urden, Konditional: ürde)"
dat,werk ,"œuvre, travail","work, oeuvre",Werk
,werke ,"travailler, fonctionner","to work, to function","arbeiten, funktionieren"
dat,werktäu ,outil,tool,Werkzeug
den,werld ,monde,world,Welt
,wes ,"dont, de qui",whose,wessen
,wese,"Être (présent: är [3° sing.: is], prétérit singulier: was, prétérit pluriel: war, participe passé: wesen)","to be (present: är [3rd sg.: is], preterite singular: was, preterite plural: war, past participle: wesen)","sein (Präsens: är [3. Sg.: is], Präteritum Singular: was, Präteritum Plural: war, Partizip II: wesen)"
dat,wesen ,être,"being, creature","Wesen, Kreatur"
den,wespe ,guêpe,wasp,Wespe
den,west ,ouest,west,Westen
den,Westgoten ,Wisigoth,Visigoth,Westgote
den,wete ,blé,wheat,Weizen
,weve/wov/woven ,tisser,to weave,weben
,wi ,nous (sujet),we,wir
dat,wiel ,roue,wheel,Rad
,wild ,sauvage,wild,wild
,wille ,vouloir (prétérit et participe passé: wilt),to want (preterite and past participle: wilt),wollen (Präteritum und Partizip II: wilt)
den,wind ,vent,wind (air),Wind
dat,windu ,fenêtre,window,Fenster
den,wing ,aile,wing,Flügel
den,winkel ,coin,corner,"Winkel, Ecke"
,winne/won/wonnen ,gagner,to win,gewinnen
den,winsch ,souhait,wish,Wunsch
den,winter ,hiver,winter,Winter
,wirke ,"avoir un effet, fonctionner","to work, to have an effect",wirken
den,wirking ,effet,effect,Wirkung
,wische ,essuyer,to wipe,wischen
,witte ,"savoir (présent: weit, prétérit et participe passé: wist)","to know (to be aware of) (present: weit, preterite and past participle: wist)","wissen (Präsens: weit, Präteritum und Partizip II: wist)"
,wo ,pronom relatif nominatif pour êtres animés,subject form of relative pronoun for living beings,Relativpronomen (Nominativ) für Lebewesen
,Woden ,"Odin, Wotan","Odin, Wotan","Odin, Wotan"
den,wodensdag ,mercredi,Wednesday,Mittwoch
den,wog ,vague,wave,Welle
den,wolf ,loup,wolf,Wolf
dat,word ,mot,word,Wort
den,worm ,ver,worm,Wurm
den,wul ,laine,wool,Wolle
den,wurd ,destin,destiny,Schicksal
,wy ,consacrer,to consecrate,"weihen, widmen"
,wyd ,spacieux,"wide, spacious","weit, geräumig"
,wyke/wik/wiken ,"céder, se retirer","to yield, to give way",weichen
den,wyl ,long moment ; tandis que,while (noun and conj.),Weile; während
den,wyn ,vin,wine,Wein
den,wyse ,manière,"manner, fashion, way",Weise
,wyse/wis/wisen ,"montrer, indiquer, faire voir","to show, to indicate","zeigen, weisen"
,wyt ,blanc,white,weiß
dat,wyv ,femme,woman,Frau
dat,ys ,glace,ice,Eis
